"year","doy","ndvi_mean","ndvi_std","ndvi_50","ndvi_75","ndvi_90","evi2_mean","evi2_std","evi2_50","evi2_75","evi2_90","date"
2017,95,-0.907907286410788,0.230199019415295,-0.984161171270332,-0.958916695630752,-0.724881566998034,-0.536671435720969,0.129075140714207,-0.538966097287406,-0.533595183837404,-0.483624000773897,2017-04-05
2017,98,-0.76843772508368,0.391320890591593,-0.941725999675668,-0.654733026763794,-0.140304934160104,-0.45021990442243,0.208671477558003,-0.532593596613561,-0.467250540512728,-0.148547208994431,2017-04-08
2017,101,-0.776367951785164,0.348769796577463,-0.956551989571895,-0.718596277535008,-0.155339636141588,-0.451729655426652,0.185610370421954,-0.543858880450767,-0.492636073990257,-0.147734445127359,2017-04-11
2017,104,-0.772223926027493,0.375329747321349,-0.964941283472003,-0.667186362000394,-0.0922017274206919,-0.459294500384583,0.21068116731945,-0.554276691583808,-0.498188633764511,-0.0956678149622643,2017-04-14
2017,107,-0.784846299089175,0.423010765860269,-0.982996580113548,-0.718254623045659,0.0575045239735946,-0.446426420501303,0.282355831257254,-0.549661665692685,-0.532498398978537,0.071474569652992,2017-04-17
2017,110,-0.738499695261257,0.436766812268092,-0.990503735641547,-0.625710437402662,0.0825669784904494,-0.415018502584031,0.287099184612132,-0.543626250399953,-0.47076674536588,0.112560795003898,2017-04-20
2017,113,-0.711992747039925,0.488483475809199,-0.994549390253876,-0.505187335047606,0.236580656236691,-0.371476849754445,0.359532032294815,-0.540684449541728,-0.349005366253747,0.320228503094879,2017-04-23
2017,116,-0.71955132099766,0.4382834949899,-0.988900458684095,-0.462848245818897,0.142480646144867,-0.397935034412294,0.296604948779531,-0.546045354246254,-0.386197349787842,0.193100297948138,2017-04-26
2017,119,-0.705153734788242,0.46478309501703,-0.990168754354881,-0.415432440739789,0.197241899942052,-0.381808521395497,0.337561423956517,-0.545775403277814,-0.320900491908316,0.281189039222295,2017-04-29
2017,122,-0.579874916867004,0.553541630271462,-0.971311701157591,-0.0417323486366026,0.306722191213673,-0.269776420469968,0.423105828960585,-0.534311534329905,-0.0375931699899234,0.423166290655895,2017-05-02
2017,125,-0.679088146628657,0.447666312806837,-0.895121098875886,-0.495497106739344,0.234124140347278,-0.369344826461445,0.32259645287376,-0.511153162440151,-0.384445983327408,0.301699026232076,2017-05-05
2017,128,-0.608815870994443,0.484966359219947,-0.864196019964892,-0.420131520209091,0.236982146606377,-0.316322959619633,0.379546171222333,-0.505804423225423,-0.352442711933615,0.320871044726951,2017-05-08
2017,131,-0.694215847627263,0.444050928136413,-0.948677652992725,-0.493198674462921,0.143975708011596,-0.39806796279747,0.306151592873386,-0.538976563920918,-0.378676617460586,0.179910802285946,2017-05-11
2017,134,-0.654140668502257,0.474187294200699,-0.915700725402754,-0.485110809420865,0.237797284111252,-0.358184235955818,0.365920110623135,-0.52772965080073,-0.401297700058073,0.337894741948471,2017-05-14
2017,137,-0.66331383046863,0.512350740879887,-0.957797394835542,-0.357259619110721,0.259171827395595,-0.351946308651027,0.397719327605413,-0.559425998028085,-0.312051377711275,0.366323582288776,2017-05-17
2017,140,-0.676567254701741,0.516656108555903,-0.984767890255687,-0.238071984274658,0.238074984926402,-0.372753641304022,0.371157758476266,-0.550209761399308,-0.238374394391498,0.308215465800275,2017-05-20
2017,143,-0.599210498820891,0.53763878880582,-0.974615863922901,-0.204400133174835,0.308784327013936,-0.301328748218857,0.400877680614427,-0.54220247070711,-0.198662504225714,0.453934436974725,2017-05-23
2017,146,-0.607211720135161,0.543104637743924,-0.986420074629991,-0.130505532894215,0.29200663552445,-0.307645834801747,0.418702583067686,-0.545308767202961,-0.142406045276014,0.433066579958973,2017-05-26
2017,149,-0.492423264131051,0.569599083760715,-0.854654190070647,0.0793317353047473,0.334455330973248,-0.218924552670011,0.442710400706375,-0.521940712769115,0.103441320706765,0.514941612873622,2017-05-29
2017,152,-0.431521154002687,0.593268596455043,-0.733384234226717,0.259732470246266,0.369229618061383,-0.168443155893639,0.476649134201285,-0.474939261858225,0.35437341228455,0.55490590971188,2017-06-01
2017,155,-0.471534689181632,0.549096871725524,-0.706210206972264,-0.0370088186065731,0.357328406961981,-0.218730921969282,0.445157043698909,-0.45516658657301,-0.00760500214301482,0.505263974213829,2017-06-04
2017,158,-0.397966816881751,0.545341933546309,-0.781218820341697,0.260030661393702,0.356155741943323,-0.160555830784802,0.457063363337021,-0.492104270628491,0.355523886783554,0.546379977304212,2017-06-07
2017,161,-0.423459411276452,0.565294585296775,-0.805180432053038,0.236381559255016,0.320450218093639,-0.184127332770864,0.455939005199,-0.492650255280052,0.333356427622391,0.477073109987843,2017-06-10
2017,164,-0.463118032494614,0.586079543557416,-0.739519281655034,0.249446732127136,0.324874669621349,-0.194038776695871,0.457075205514875,-0.505786107051696,0.31496661878435,0.5004695757198,2017-06-13
2017,167,-0.459402252261535,0.58876086684949,-0.737325598721489,0.225925240927777,0.310166301541433,-0.190034386607119,0.46126828646428,-0.450191146817014,0.321545524393943,0.461528731552294,2017-06-16
2017,170,-0.495104535593352,0.581340711562977,-0.929552761071545,0.257811283128657,0.335032363047888,-0.221744876125177,0.466035213216596,-0.537186981012002,0.332656588918179,0.523436670611152,2017-06-19
2017,173,-0.505906745704459,0.560441519812028,-0.893142687911105,0.127872872694589,0.293046629419027,-0.246577738713489,0.41823447874856,-0.525201232870472,0.173650720638034,0.411307220148345,2017-06-22
2017,176,-0.426135400683813,0.590440269585093,-0.66774979273082,0.275827389928897,0.357606489287681,-0.160880542580351,0.475137808988075,-0.45909017455324,0.395555890532622,0.553336608825104,2017-06-25
2017,179,-0.474429607010635,0.580221372468534,-0.858047665253743,0.203840072781652,0.340953133968174,-0.202104780792401,0.455741170994187,-0.536839046689697,0.286326057813803,0.525192425730237,2017-06-28
2017,182,-0.502510834118634,0.536083265877386,-0.710063960132804,-0.0706714313507713,0.317145102667725,-0.252499739820482,0.425162880906644,-0.477354057316153,-0.0246211147445914,0.46641036438417,2017-07-01
2017,185,-0.425892326007169,0.579690990415575,-0.729194029381814,0.245961481163119,0.351832237178843,-0.17510715105721,0.460615388306725,-0.487652291651499,0.301286236832842,0.547539478877126,2017-07-04
2017,188,-0.461466019858118,0.513919520991329,-0.799954869956511,0.141681809521315,0.275778462955033,-0.224979917191333,0.418114159974154,-0.489711325476098,0.191750277732141,0.414228375798815,2017-07-07
2017,191,-0.518435581254726,0.547094385101914,-0.82286296448404,0.0745485159881771,0.351076807958194,-0.256999288518193,0.436172655067,-0.504539874441093,0.0817161493705583,0.521738972347929,2017-07-10
2017,194,-0.584174745641641,0.521856802667037,-0.859703066398521,-0.301982404061445,0.249069428022334,-0.312012549900255,0.404362256704327,-0.54696307164329,-0.26356242495275,0.356561716803607,2017-07-13
2017,197,-0.569276678157393,0.531244146784832,-0.882239214934533,-0.150362415848592,0.258004339401055,-0.294720718701205,0.415209926660604,-0.515949612324458,-0.117968769118874,0.394106180062211,2017-07-16
2017,200,-0.602970719084296,0.537890423448728,-0.984591370331461,-0.132563350179797,0.240642317538366,-0.312866591319305,0.413076544947309,-0.566510716600553,-0.0811263138423471,0.361665935897251,2017-07-19
2017,203,-0.640189116324122,0.490526221572383,-0.962321848757043,-0.192211014236539,0.2338125041292,-0.358251573861489,0.34428777754795,-0.565952648721409,-0.182201058189709,0.292334852076218,2017-07-22
2017,206,-0.637535168154574,0.528146136506759,-0.96575549188922,-0.491460964690126,0.30616573863534,-0.326796798227525,0.414592751446844,-0.552752502187292,-0.423404390892549,0.423163543783189,2017-07-25
2017,209,-0.622051160210082,0.502165994459343,-0.973708131634641,-0.207242763263563,0.241898565017117,-0.339661383620546,0.358742383449921,-0.548100192789665,-0.223414565984717,0.320479071329308,2017-07-28
2017,212,-0.562506130500373,0.561456140509816,-0.96050747276744,0.0110619069594888,0.30573735679083,-0.270050566342168,0.428515886120219,-0.55281354887925,0.0209943307531842,0.434712478714444,2017-07-31
2017,215,-0.592804755625986,0.508371109126533,-0.888622736487484,-0.241892116632311,0.290850427948645,-0.307303147814063,0.387957786300189,-0.520335392022497,-0.212748663337748,0.421128821358828,2017-08-03
2017,218,-0.636518697590877,0.514393756429838,-0.921501571332355,-0.450123646169634,0.380759799060079,-0.326674870511136,0.411621821643214,-0.539538769568386,-0.413310395664968,0.53841408060434,2017-08-06
2017,221,-0.584919200843346,0.515687707684964,-0.883470788514967,-0.198616489680755,0.288376079027831,-0.299677133587086,0.400856389014547,-0.520712826991286,-0.168611738992706,0.405245054838844,2017-08-09
2017,224,-0.583556390861656,0.514074250478211,-0.934366126649671,-0.0946026058051006,0.268135180358643,-0.300489474788887,0.371582238268331,-0.530925404035506,-0.0982802061220693,0.373879937503916,2017-08-12
2017,227,-0.696638669829011,0.492558288708707,-0.993207107293495,-0.626118812097934,0.255213745206132,-0.378209288422505,0.381262931924662,-0.569065188108677,-0.467857656486469,0.36336705460636,2017-08-15
2017,230,-0.69729795660952,0.487000387059908,-0.995822549564313,-0.525427471181791,0.226285530225524,-0.381616381732903,0.361696051652767,-0.566580211520424,-0.464358101818533,0.273482099694698,2017-08-18
2017,233,-0.725267308529819,0.464417350441466,-0.998587786661896,-0.609453142326266,0.207518061811404,-0.403797059817411,0.338830543385674,-0.5689088680868,-0.502506875421663,0.284886800554222,2017-08-21
2017,236,-0.693911667694387,0.49704455245556,-0.99082949807104,-0.368729036172684,0.276624109257319,-0.356898409705872,0.367257591432977,-0.550828560588499,-0.319452123205924,0.410467884206208,2017-08-24
2017,239,-0.74522680511537,0.464915983578289,-0.990281253407765,-0.68489732775856,0.141827679142517,-0.413897735523263,0.332155725022225,-0.556576426947407,-0.432884494464212,0.175591349154718,2017-08-27
2017,242,-0.72202106799788,0.437821993846601,-0.976780104806295,-0.404508327189208,0.0595201984145484,-0.414178648965596,0.28857775726042,-0.555121410093178,-0.365287352038966,0.0623567979106135,2017-08-30
2017,245,-0.677013248917958,0.440351293571613,-0.915289940027197,-0.409237721573334,0.176781844514939,-0.372644395193679,0.305242055125007,-0.533299908252236,-0.325951621958049,0.235274233669292,2017-09-02
2017,248,-0.598428318372852,0.502540833018611,-0.862110644773726,-0.291561666646837,0.277449385864336,-0.304921307836135,0.382629662064171,-0.503930149708858,-0.269467950856061,0.341711924167592,2017-09-05
2017,251,-0.579023502483225,0.533988057262362,-0.901462558291528,-0.165142090209741,0.326625754809669,-0.275605281089492,0.413446504997638,-0.51473725781055,-0.128887316115967,0.4410273957656,2017-09-08
2017,254,-0.718501323271693,0.454771175916143,-0.963861565512534,-0.574983955978809,0.167618806869476,-0.383167602058019,0.322218154699465,-0.536242462197377,-0.443113116756748,0.218137781543059,2017-09-11
2017,257,-0.782318444644565,0.392271907448604,-0.993954616327892,-0.680898966455998,-0.122120647764886,-0.446607288214927,0.251647769076374,-0.554422869661373,-0.520903022227895,-0.126384286030223,2017-09-14
2017,260,-0.784033220486424,0.408179847192373,-0.996411977451045,-0.848106011911183,0.0502183730125588,-0.450576583744642,0.272260643319236,-0.567104254170218,-0.507647372690194,0.0626546321887073,2017-09-17
2017,263,-0.799565734404552,0.443911255942376,-0.996050768130822,-0.919859607826926,-0.0296331013749032,-0.462399430532968,0.281590280223205,-0.564202067366964,-0.538038439630955,-0.0162231171127572,2017-09-20
2017,266,-0.751733904785741,0.450590833877143,-0.995481876989686,-0.648284864582462,0.187403678955895,-0.418521660079646,0.322091224296135,-0.574421475526066,-0.516109339854644,0.267348533993445,2017-09-23
2017,269,-0.765260507004289,0.431216787474466,-0.994332995718385,-0.862983689093633,0.144970206294258,-0.431744010037781,0.283105040333815,-0.56229993559159,-0.536118463513859,0.167023140450897,2017-09-26
2017,272,-0.728202837626336,0.449650346130584,-0.956149752630631,-0.839909392327236,0.182908551827668,-0.386763677037905,0.320785034749462,-0.538331875911297,-0.508638819723279,0.257457210404152,2017-09-29
2017,275,-0.714496670466343,0.435760523567485,-0.915576991949622,-0.861101902427221,0.153291538265898,-0.391345953659978,0.31127596601996,-0.531161166024323,-0.520413121736256,0.17835917190275,2017-10-02
2017,278,-0.758326298338201,0.399010044392375,-0.963496924206919,-0.833978613258464,0.0165607711801308,-0.435034653554104,0.253219384100823,-0.551759434581786,-0.507381621312512,0.019647248840272,2017-10-05
2017,281,-0.834784862817538,0.399535641605462,-0.970974316523562,-0.897544550124657,-0.232587862387563,-0.48540754716607,0.228066796449232,-0.548699111870717,-0.522493178486052,-0.256783529362317,2017-10-08
2017,284,-0.835915077701884,0.338575047006561,-0.99275266155799,-0.898569224469383,-0.275322645085601,-0.486011157680672,0.202942182718088,-0.552895316538417,-0.530717523237458,-0.28840326508361,2017-10-11
2017,287,-0.785868070667649,0.403328644075772,-0.996282187919589,-0.809645490785306,0.0562662625136766,-0.442226723113566,0.25240579082979,-0.552461184510751,-0.539532739857227,0.0713031762432511,2017-10-14
2017,290,-0.747405431808775,0.436033251604878,-0.992464236021139,-0.602655580464169,0.191905204495116,-0.401009706470587,0.302552290630588,-0.545366003589872,-0.404055562322129,0.284462157193979,2017-10-17
2017,293,-0.792706209176032,0.377079371430558,-0.994105766474612,-0.733717135219284,-0.171940680980861,-0.45385813125534,0.247781892165189,-0.550206971793152,-0.475615936465105,-0.16470266534641,2017-10-20
2017,296,-0.854374658931015,0.315931910407928,-0.997695313439559,-0.987062290641991,-0.279209771876963,-0.489509092122249,0.168266467864805,-0.54421092860001,-0.538015598375181,-0.281078693519068,2017-10-23
2017,299,-0.829731865089216,0.341506850576028,-0.993760443438097,-0.952001901179577,-0.293091833106567,-0.467416756179292,0.190002020472908,-0.540080883727281,-0.532574038077886,-0.251254658329514,2017-10-26
2017,302,-0.870698291327795,0.291871682097954,-0.981823483236421,-0.934581419634218,-0.352318493974475,-0.502637751377384,0.158713811797216,-0.537074357443362,-0.523821219057478,-0.304622587319717,2017-10-29
2017,305,-0.807690781265014,0.342724866730867,-0.969488468846238,-0.865971557323875,-0.115533981860429,-0.463349208298727,0.195442173482827,-0.532625808386715,-0.518470654467088,-0.136548260439746,2017-11-01
2017,308,-1.00038696704921,1.4845779372503,-0.955868955446759,-0.826020848825017,-0.241586318548749,-0.519546391307278,0.302091889161211,-0.541117331426051,-0.496909350430512,-0.228008573949394,2017-11-04
2017,311,-0.850403170369905,0.303740228960718,-0.984666260057568,-0.936760133194279,-0.226364149225027,-0.503348700522423,0.161380261497766,-0.538372398142905,-0.52600602907712,-0.264241709233896,2017-11-07
2017,314,-0.8115653208124,0.337134136144826,-0.986342943758428,-0.877491980301135,-0.122813231683743,-0.462227503251218,0.162438242398524,-0.532857066720804,-0.526901173537131,-0.140819251878761,2017-11-10
2017,317,-0.880901489267778,0.300426399963759,-0.995412110353919,-0.979760124928127,-0.309454640598677,-0.503926274955813,0.165773542208941,-0.539016349908855,-0.533791811666414,-0.312551853003396,2017-11-13
2017,320,-0.871984373625847,0.282951682738557,-0.99509089089736,-0.962882025822321,-0.431475696428287,-0.502418560591214,0.14604953750727,-0.539430680744688,-0.533891682013718,-0.414685004773114,2017-11-16
2017,323,-0.882140645588535,0.280954783677754,-0.99906601145624,-0.989428473329153,-0.529958171439679,-0.505015860480681,0.152524419199803,-0.540822583208003,-0.535530928667598,-0.405505469150286,2017-11-19
2017,326,-0.855879437962886,0.31611836549777,-0.997955797558739,-0.964290039615848,-0.18275147649961,-0.481099811054546,0.162732841960206,-0.538221152748546,-0.5308689123437,-0.181138743748077,2017-11-22
2017,329,-0.832891973295366,0.328418978741488,-0.989392795935852,-0.956983631375853,-0.100453177779488,-0.481563375099418,0.166924189555198,-0.54157983512907,-0.535246011038538,-0.129208375917572,2017-11-25
2017,332,-0.809980258746948,0.338845020996254,-0.975073870533223,-0.954304862230155,-0.128203726922264,-0.475000536065418,0.166203343583742,-0.543928552930674,-0.535089740233694,-0.13391073333532,2017-11-28
2017,335,-0.82242359014635,0.305194309546309,-0.941874720003125,-0.908024050336983,-0.147354843459996,-0.483716940088529,0.164331146945183,-0.534818064720277,-0.525389540270434,-0.175822800840127,2017-12-01
2017,338,-0.853930038943002,0.312149406047893,-0.961965190907409,-0.922921008133117,-0.167332909665468,-0.498812905252272,0.165213758365188,-0.537479060044585,-0.526631036640935,-0.181160562829388,2017-12-04
2017,341,-0.841807810205077,0.327203174952235,-0.983855824577877,-0.946223919921415,-0.0603075581496895,-0.472042813256451,0.181780354170478,-0.532992201443062,-0.527195701619892,-0.0747979014685919,2017-12-07
2017,344,-0.883934032895981,0.297761754529732,-0.994563112253783,-0.974683879863495,-0.350127431419683,-0.50506517419231,0.167113416036698,-0.53598042618294,-0.529995326108297,-0.255036155539524,2017-12-10
2017,347,-0.893320577624532,0.277055238298636,-0.99820806301596,-0.984955069165452,-0.524627776056851,-0.509552537785883,0.150009339133905,-0.53626268963888,-0.530546617354752,-0.423434793032668,2017-12-13
2017,350,-0.905840977134078,0.278652945934431,-0.996022482980625,-0.986583629005656,-0.550927913901165,-0.520481075829431,0.152267863601212,-0.538266734570324,-0.533529510843771,-0.406068469317583,2017-12-16
2017,353,-0.918580505958405,0.223244100176835,-0.997928476896493,-0.991975461839356,-0.637478529409679,-0.526606918794634,0.115616908241824,-0.541852071286531,-0.536486247484959,-0.481903798697598,2017-12-19
2017,356,-0.922568159971149,0.239198472255838,-0.998308750117495,-0.988882797001248,-0.542897581695911,-0.527256560470743,0.129215814962535,-0.539531860325917,-0.533902117847851,-0.431844024407233,2017-12-22
2017,359,-0.912915585534642,0.2547241376948,-0.991282105249104,-0.982405322789805,-0.520521550710215,-0.524503756722046,0.137188615615045,-0.534717236767874,-0.529656993614608,-0.436286680603568,2017-12-25
2017,362,-0.896585006600812,0.276494388858207,-0.976486124996521,-0.964223001455525,-0.38613509488776,-0.518613321290723,0.157689166369499,-0.533674150061647,-0.522228334105632,-0.349017917348629,2017-12-28
2017,365,-0.857170169142749,0.294985983216467,-0.942364058795613,-0.905499288410511,-0.298782838806297,-0.489860007209092,0.146316945781036,-0.520119555032789,-0.511580163829353,-0.273065638617258,2017-12-31
2018,2,-0.817895393724033,0.330209518974814,-0.93310223944015,-0.867697809425727,-0.157344551752355,-0.465659968877226,0.205217356976504,-0.516234597197927,-0.505507361424519,-0.173688829941542,2018-01-02
2018,5,-0.831226467629813,0.332556741962482,-0.968943456064907,-0.920002971412927,-0.101252156042982,-0.463211938836452,0.188364405814577,-0.524422462550275,-0.515091166361611,-0.101409445054466,2018-01-05
2018,8,-0.914213423725085,0.251692968191212,-0.994868551833894,-0.978999059913532,-0.42959168881441,-0.518280361941061,0.120191761997659,-0.536317224974539,-0.529370269779947,-0.342721191943679,2018-01-08
2018,11,-0.91161549293306,0.261621329284592,-0.996983821385556,-0.98942027527326,-0.321335817095314,-0.523951794918201,0.118433992444092,-0.548309606773563,-0.539450304392043,-0.316416355030404,2018-01-11
2018,14,-0.888707142292062,0.335100000762136,-0.997401799763552,-0.983759563801748,-0.237232879546679,-0.510956818569818,0.193300289324983,-0.534500017976428,-0.526349714307371,-0.249535866383937,2018-01-14
2018,17,-0.923027846056971,0.300945577008581,-0.995297063549506,-0.983951980152768,-0.42378708603004,-0.526074269452528,0.170182540506822,-0.531686522249428,-0.527248246897709,-0.375464435540575,2018-01-17
2018,20,-0.881957435660576,0.268715644914789,-0.999620192580356,-0.990928108211913,-0.392037746255414,-0.510784920173333,0.125303772672802,-0.543406234202512,-0.537929190681746,-0.35346687080336,2018-01-20
2018,23,-0.894302698953365,0.242501848250983,-0.99389456905551,-0.986570805602534,-0.392754446677725,-0.516470779888113,0.105302985832282,-0.538823943792165,-0.533744734216506,-0.35256732391466,2018-01-23
2018,26,-0.885823048690579,0.287155451870252,-0.979094513225183,-0.95899701160323,-0.546197549100689,-0.510745524822285,0.151386078600217,-0.538346866784331,-0.533563223397187,-0.453973830671485,2018-01-26
2018,29,-0.843721743144885,0.318558446449454,-0.959059733910596,-0.934365002997621,-0.323879339499209,-0.479388400398388,0.174533105293804,-0.528413247660683,-0.51881532337383,-0.310650835920856,2018-01-29
2018,32,-0.833856525685647,0.33786200431392,-0.964978990428634,-0.935643227000946,-0.162634410452694,-0.472348629360785,0.173032972402807,-0.529415254139539,-0.515327771597959,-0.193575756379491,2018-02-01
2018,35,-0.876718275785168,0.321089117749195,-0.991071190330677,-0.969127025268319,-0.210654787060613,-0.506589372615444,0.16938552045314,-0.534136573390577,-0.526237600521358,-0.234435429477698,2018-02-04
2018,38,-0.855165905210641,0.375104131443217,-0.994402706655225,-0.890241498556108,-0.19674809962498,-0.4938578928167,0.156382224815787,-0.533854136828529,-0.520546700300491,-0.236811583093985,2018-02-07
2018,41,-0.959354995719565,0.212122369654828,-0.999468754340551,-0.989271231591298,-0.829956521183282,-0.545747763500021,0.110553671661697,-0.540320480217399,-0.534652095175446,-0.500328512356648,2018-02-10
2018,44,-0.870588489670307,0.28609583053684,-0.99565765636974,-0.986375377322837,-0.41495440322049,-0.49656207550914,0.139294722026476,-0.538651564546483,-0.53030469657501,-0.384921883296641,2018-02-13
2018,47,-0.912277576693139,0.239815219834332,-1.00205647947392,-0.989550922040129,-0.618349232107082,-0.516432961756892,0.114898674924841,-0.539808732210239,-0.535245712509654,-0.429102701058117,2018-02-16
2018,50,-0.891131746610012,0.263564255889975,-0.999446718986063,-0.985899708062095,-0.421182658396989,-0.526318578271436,0.131422756868881,-0.547363609785984,-0.538478903626056,-0.347457275128214,2018-02-19
2018,53,-0.91924204007765,0.279277729335889,-0.998228841618375,-0.992007952366289,-0.403178849066889,-0.533977461362408,0.138402142835058,-0.541425974525891,-0.536375843639226,-0.357060048975253,2018-02-22
2018,56,-0.84825284430616,0.293121593839998,-0.979532837167581,-0.945395036813753,-0.357404071174054,-0.492397542231422,0.148777772492661,-0.538179408671861,-0.530419249449247,-0.34560772700819,2018-02-25
2018,59,-0.794572028329163,0.34397473255454,-0.969818883798829,-0.865255109039386,-0.171210864408081,-0.459585221607982,0.171519025595256,-0.540112796232165,-0.527858329959027,-0.197511832388469,2018-02-28
2018,62,-0.758719705948983,0.369107533662301,-0.95129505239676,-0.778000232919279,-0.0910861852646273,-0.43169253907893,0.186712089117869,-0.525377119503669,-0.502242231618251,-0.106942795110661,2018-03-03
2018,65,-0.861204098031486,0.283469591147439,-0.990913666897151,-0.953448809704947,-0.289282002991467,-0.489493404821164,0.125541670544117,-0.536599378516588,-0.528636814283629,-0.281011262927984,2018-03-06
2018,68,-0.845174633722588,0.323059813009844,-0.996558564218594,-0.960784776174383,-0.190156168062343,-0.472639541250797,0.175927208489634,-0.536131798517051,-0.52674527234862,-0.171351612575979,2018-03-09
2018,71,-0.825178878226158,0.370273862921921,-0.994521059462554,-0.981311643457917,-0.09451801465853,-0.45515361221299,0.228298410061303,-0.534714981830539,-0.529051281417737,-0.106541887616309,2018-03-12
2018,74,-0.846518430589843,0.334478707435552,-0.996233757730152,-0.934294962500268,-0.107719573306746,-0.483214762741689,0.186742975374856,-0.53865498079754,-0.532945924667381,-0.128518198610966,2018-03-15
2018,77,-0.836442517945589,0.317165757068508,-0.994205345089758,-0.906190324868344,-0.224592309653565,-0.476026350667083,0.155300291507382,-0.537097386585278,-0.529596786570677,-0.262213631077836,2018-03-18
2018,80,-0.915458455883311,0.525640728467249,-0.99587896085252,-0.92317767219935,-0.318861929548986,-0.519880589503269,0.232357406747119,-0.53838986656165,-0.53009126688162,-0.256327246277904,2018-03-21
2018,83,-0.851738007448173,0.327218145251968,-0.983901495345103,-0.955448117596136,-0.160119613909118,-0.484606992260962,0.185146070744854,-0.5361499307454,-0.529295236190579,-0.182593215674181,2018-03-24
2018,86,-0.888914384279936,0.230481400082445,-0.989813128627258,-0.978605713326152,-0.520515542370099,-0.530636644171126,0.101349738708421,-0.547656198605574,-0.537798222610516,-0.427855660900746,2018-03-27
2018,89,-0.84592563012207,0.327184176728697,-0.979688054033604,-0.891011092709271,-0.210215606776265,-0.491626148148823,0.18575399077897,-0.536843788760509,-0.518215887468507,-0.19617567097863,2018-03-30
2018,92,-0.880353989433324,0.294722269759028,-0.983569803686583,-0.915490366925768,-0.414616436904033,-0.515551631390075,0.151945824161481,-0.534542574059768,-0.529212362086073,-0.352637588900513,2018-04-02
2018,95,-0.99090386651981,0.349752181575135,-0.997964525853923,-0.98845527023472,-0.824733828913833,-0.547301463960332,0.154536383768231,-0.540316473257712,-0.531582115930504,-0.524183270386011,2018-04-05
2018,98,-0.877534483991862,0.363068688533093,-0.998243124060301,-0.881448346861313,-0.354671090346201,-0.497430499991741,0.194454953050625,-0.538457374424118,-0.531520431712012,-0.303294267793607,2018-04-08
2018,101,-0.762304289194257,0.377074432071418,-0.994440184476522,-0.523472981277932,-0.0901110330363545,-0.439339408910756,0.187743478085329,-0.538052314486348,-0.409121186565844,-0.117374515488027,2018-04-11
2018,104,-0.870009068763276,0.290440873996525,-0.999104497009619,-0.973510016915328,-0.393108410596158,-0.511186984554981,0.152446279755968,-0.561245808756197,-0.54875501768325,-0.266626751620411,2018-04-14
2018,107,-0.830648457672354,0.330899279363776,-0.992882465131345,-0.901884539566539,-0.179198681547967,-0.480733469850491,0.166505318423631,-0.536921651318985,-0.53287124784382,-0.211413425811105,2018-04-17
2018,110,-0.884381616885495,0.345771670863809,-0.995785782482394,-0.978054773687588,-0.144426248047689,-0.514466536402533,0.192481605287647,-0.542756354337826,-0.531872051021704,-0.162211307422425,2018-04-20
2018,113,-0.853046129366431,0.31863160419697,-0.984861657209311,-0.948828545865215,-0.178263315568445,-0.508861883109277,0.169536993374598,-0.546080460689644,-0.539405077368718,-0.186294677918259,2018-04-23
2018,116,-0.764552626454404,0.369886953113876,-0.942365179567766,-0.618386414788278,-0.116275718214501,-0.458053223195579,0.200575184842429,-0.536887861464393,-0.426057504206378,-0.148502495619374,2018-04-26
2018,119,-0.594262719111015,0.430693523029529,-0.896006645224815,-0.113928001159052,0.0434388760123201,-0.347610278368198,0.24723528337414,-0.516164631854732,-0.125632818367484,0.0457479888671168,2018-04-29
2018,122,-0.683606619028048,0.415852891142186,-0.945613332828339,-0.173782998272724,-0.0315664811048325,-0.408643231208187,0.227463408617676,-0.551730270277587,-0.158868963402308,-0.0416313558256494,2018-05-02
2018,125,-0.62192722646689,0.482967444329164,-0.980345944791624,-0.173372073338167,0.078488414882891,-0.344069377850253,0.305171513537557,-0.549881628670536,-0.157460915490766,0.0850523362653205,2018-05-05
2018,128,-0.590810453027649,0.515674097067698,-0.884869213964236,-0.429321563029539,0.237998184603786,-0.319317111609483,0.390493075129657,-0.516909191748794,-0.401413525977713,0.340847028879524,2018-05-08
2018,131,-0.69097751748229,0.4801159061723,-0.956199751661141,-0.605878943550734,0.186891567160388,-0.388366962954083,0.352555868541029,-0.550781956567457,-0.468504615375128,0.264130708996377,2018-05-11
2018,134,-0.771173291352307,0.590803578049043,-1.01014286157293,-0.874850242915639,-0.192604245759571,-0.436360429513153,0.480937074571367,-0.570624729717217,-0.526709649792018,0.0193425156606061,2018-05-14
2018,137,-0.760935617534902,0.494495715111971,-0.992440105434415,-0.676560337822142,0.133350484604737,-0.435693150904187,0.365272108740632,-0.557848343220663,-0.447149155518491,0.177083915129537,2018-05-17
2018,140,-0.697495789080945,0.441184964334209,-0.975296541287565,-0.547493876590585,0.119781348895621,-0.404782178887291,0.30366674811893,-0.555569176944423,-0.431447508163127,0.160552287510806,2018-05-20
2018,143,-0.548439203064283,0.528429750238991,-0.915642208716555,-0.0430309964980225,0.268880650819547,-0.283807471699527,0.405935753426182,-0.540893863737263,-0.0298522252004418,0.41314600598477,2018-05-23
2018,146,-0.510825969817813,0.516031453956134,-0.845102404852612,0.0172144512237689,0.274600601561851,-0.263718489186092,0.397528786168314,-0.522193874353017,0.029283057242163,0.413168287461276,2018-05-26
2018,149,-0.513213311771145,0.512116439715462,-0.819242871314196,-0.060216506756715,0.264462690600462,-0.26414848286444,0.391633747415976,-0.512078585464433,-0.0647357145410068,0.404767070042875,2018-05-29
2018,152,-0.542399718341458,0.518287994891688,-0.836573071887876,0.0505728437323629,0.207904760786577,-0.293015247319352,0.368749508092183,-0.518791547208908,0.0660244205466828,0.289997173606725,2018-06-01
2018,155,-0.456004632723967,0.562945069812594,-0.717518471156786,0.179586495124174,0.248040909916749,-0.209695589505724,0.401242547676418,-0.474304687100464,0.248887276598201,0.339316980876501,2018-06-04
2018,158,-0.506736175353965,0.555176165754445,-0.781623544278743,0.156636185532628,0.269517749514653,-0.249028427632186,0.412292800676018,-0.487101980877881,0.183239143929538,0.399620633864368,2018-06-07
2018,161,-0.579621355776574,0.505289713046806,-0.974928322176355,-0.216326840389099,0.20158292152713,-0.313610406849151,0.345395150283844,-0.549730169529606,-0.207594579760857,0.262473046215928,2018-06-10
2018,164,-0.49903010732202,0.589024842195047,-0.940335975254199,0.144385307942853,0.289750825824987,-0.237437327808779,0.440269960182154,-0.551118488503072,0.198287925459891,0.449501516012004,2018-06-13
2018,167,-0.473144168065135,0.577726824644087,-0.966606295391151,0.192833836552254,0.262703751018708,-0.22044426084063,0.428108728035985,-0.559546033528842,0.257350661238398,0.38784109181603,2018-06-16
2018,170,-0.513662006777863,0.530672292416345,-0.896286375293123,0.123008144676816,0.240016458325654,-0.272529909773319,0.380911802813201,-0.556012313966134,0.152892169423456,0.325305712220337,2018-06-19
2018,173,-0.559383083382718,0.493098255137886,-0.863714941821581,-0.175238264576047,0.208264464503343,-0.305581661300965,0.358327107986835,-0.528181443171985,-0.164537822953202,0.309282125553295,2018-06-22
2018,176,-0.467993176136529,0.530964155753755,-0.636762570872612,0.154170093009732,0.264057423421508,-0.239807026090447,0.387945549018677,-0.428964556388886,0.16807084339707,0.388884688717588,2018-06-25
2018,179,-0.469695041994928,0.52371419810804,-0.745962967810555,0.151817431608178,0.241863665554505,-0.243823464324829,0.401699310498992,-0.508863732475368,0.2165238293236,0.343487475507373,2018-06-28
2018,182,-0.504872677521075,0.543082731623654,-0.852643239200197,0.0818615292574978,0.237153969534301,-0.264676975931822,0.417443282934064,-0.546171926097093,0.10142199953529,0.331441153294756,2018-07-01
2018,185,-0.470759712133785,0.551935541416752,-0.664164618529629,0.160819582187886,0.255670998507461,-0.24314884879758,0.424606912477609,-0.486220975939379,0.217670373790887,0.391575830624606,2018-07-04
2018,188,-0.509598300986376,0.585682656083746,-0.885215252211778,0.189846163623984,0.277057045563013,-0.239783156337912,0.441071702407231,-0.526222265419334,0.266150587602217,0.382578242345353,2018-07-07
2018,191,-0.530327043166909,0.528777347794565,-0.766302483421645,0.0512117501215455,0.253061319416746,-0.281800508805798,0.392764554230887,-0.517950049727954,0.071870616524494,0.355129568753201,2018-07-10
2018,194,-0.61527317853779,0.5284396324349,-0.980427982101467,-0.401682194985873,0.280576139064879,-0.332875487866892,0.403433569037711,-0.559049724437172,-0.346594333266702,0.407472668557373,2018-07-13
2018,197,-0.579100832142852,0.568331283730701,-0.958469996659026,-0.0269700750729595,0.300451096976931,-0.290443943229557,0.449724769019833,-0.552611345223381,-0.0274604622991342,0.461280374001903,2018-07-16
2018,200,-0.557204150587688,0.516071867938408,-0.894941429021221,-0.215005454844268,0.270059621750747,-0.294960853649257,0.390118149157824,-0.520533799643448,-0.176184171593002,0.381688307387216,2018-07-19
2018,203,-0.610889688985447,0.468192965097867,-0.923026357296918,-0.150816554541366,0.0840509326790139,-0.345935448812347,0.2991966432376,-0.537566593705261,-0.148131940597932,0.10350687278526,2018-07-22
2018,206,-0.560308822931044,0.51479021361418,-0.890713773197286,-0.208362126384678,0.281616226306517,-0.292577814980299,0.397686907886031,-0.531767993565337,-0.17781644473417,0.39534919189817,2018-07-25
2018,209,-0.563223551716357,0.511633928035427,-0.868710844827836,-0.0378495231507687,0.266590136159992,-0.290940097314615,0.381193152293133,-0.51563008597663,-0.0371868653528733,0.372733949622491,2018-07-28
2018,212,-0.697862559570394,0.437660526157924,-0.98479129178345,-0.38760564892082,-0.0841965974236244,-0.399280739035054,0.302580777878364,-0.547857504378048,-0.34255304399636,-0.0783140554180601,2018-07-31
2018,215,-0.596310474809933,0.53808732715346,-0.950146048524749,-0.119877666660643,0.249678083416179,-0.304450059353784,0.402748110661596,-0.561067047628975,-0.110999089014744,0.348870751450838,2018-08-03
2018,218,-0.648003236079887,0.529315209468863,-0.988191939792221,-0.239763439265838,0.214679812778927,-0.348655306014008,0.4020801008945,-0.57008577090656,-0.220616056086492,0.302689896114433,2018-08-06
2018,221,-0.651594172467772,0.504613545502769,-0.992561659371118,-0.307709370162986,0.259459207759965,-0.35461553810752,0.365080032036824,-0.565998414557625,-0.283015711414564,0.336550184529724,2018-08-09
2018,224,-0.67969635134546,0.473724478905921,-0.995651962624933,-0.355980289371263,0.216938360381709,-0.382921220895705,0.333812357842833,-0.564893706764687,-0.291868489523534,0.263073981222658,2018-08-12
2018,227,-0.713692567603614,0.455004520866172,-0.992143723571902,-0.632285100759246,0.14224437249781,-0.403693965579536,0.317553479028647,-0.561470402710624,-0.457429872347883,0.154068470399814,2018-08-15
2018,230,-0.780688601627221,0.404867255720604,-0.980095659550968,-0.822167183941273,-0.18702671256843,-0.460862408733944,0.278397669833631,-0.560664801563716,-0.536569475648333,-0.184531631643752,2018-08-18
2018,233,-0.727809342962759,0.41569221073559,-0.930526461212391,-0.688163538211583,0.0580688244107536,-0.416854982610124,0.29135398444802,-0.53597034392563,-0.479581968171551,0.0752854748550564,2018-08-21
2018,236,-0.672171354620134,0.469968564447559,-0.916820561939408,-0.471285967794545,0.233268487377635,-0.372265547657578,0.364849852277219,-0.551005256240322,-0.380590000105117,0.333696212371538,2018-08-24
2018,239,-0.664976198215424,0.432314724787609,-0.903718372805849,-0.38622107066559,0.113596741525236,-0.398386975514701,0.286989368232577,-0.545271825182229,-0.345334818458729,0.144044566110228,2018-08-27
2018,242,-0.666286327985448,0.478741142798928,-0.943761079849215,-0.19134875959519,0.0445519788650172,-0.375415123679632,0.311624644539373,-0.539629991908169,-0.176492444200513,0.0536187074693647,2018-08-30
2018,251,-0.816131281662681,0.371426338351145,-0.994292229050638,-0.960315877263967,-0.141291787941276,-0.473232805199764,0.210618656200946,-0.550991596384222,-0.540648272444355,-0.15803514941829,2018-09-08
2018,254,-0.718470751453101,0.468413120589817,-0.99105191065817,-0.67437493060175,0.179145116570784,-0.39203154016107,0.341784957758499,-0.550065654403988,-0.495172955716458,0.224576831028007,2018-09-11
2018,260,-0.682291612603175,0.46728659706984,-1.00196150065176,-0.394518537016221,-0.027713546132589,-0.390003274922581,0.262252703694662,-0.55927182776657,-0.267084881021284,-0.0260925225400617,2018-09-17
2018,269,-0.753061960581576,0.406756804608307,-0.961924519960742,-0.787392392652525,0.00423375253113029,-0.422978362239588,0.26174005560084,-0.542424466417998,-0.509332553437041,0.00485878725160678,2018-09-26
2018,272,-0.733686448802027,0.444653423523016,-0.945825337795794,-0.841104285621223,0.203142530229745,-0.400498917287756,0.315754124133482,-0.536912574900447,-0.511661620270555,0.300572054330899,2018-09-29
2018,275,-0.799475914454457,0.416013477875895,-0.99638040267234,-0.952498410242856,0.0484691969362405,-0.448703461390937,0.273636283484543,-0.565357122387482,-0.542084926528517,0.0551616248136399,2018-10-02
2018,278,-0.755611938672558,0.408829655345569,-0.995015257006049,-0.528200156467162,0.00091676026678762,-0.445976091262388,0.23457044148103,-0.554602274789146,-0.384703183489121,-0.00128190409189401,2018-10-05
2018,344,-0.574719369291974,0.394384632061488,-0.656709726179976,-0.401246971119462,-0.247969318083153,-0.421036911639155,0.21332980569946,-0.512675267139399,-0.344937138771654,-0.244294261751008,2018-12-10
2018,347,-0.996693985348707,NA,-0.996693985348707,-0.996693985348707,-0.996693985348707,-0.538420670176398,NA,-0.538420670176398,-0.538420670176398,-0.538420670176398,2018-12-13
2018,356,-0.890423662483653,0.252011640495143,-0.97117054175957,-0.937377606056416,-0.585295329358977,-0.510061070999582,0.131617313814806,-0.53073510353134,-0.521354370471505,-0.413718842039772,2018-12-22
2018,359,-0.851433314888008,0.287997462096324,-0.975674673168688,-0.946425058133281,-0.207940007968795,-0.484972873157186,0.138095847134532,-0.533612391803786,-0.526131984840763,-0.200629113990635,2018-12-25
2018,362,-0.93176445182636,0.217155803021142,-0.995509798685796,-0.982711716105,-0.75073731899237,-0.54427568604942,0.110316164875571,-0.543156816860543,-0.536539992509894,-0.530585481357231,2018-12-28
2018,365,-0.914295174932706,0.238384601321206,-0.998646656745958,-0.984675405072877,-0.708447839082665,-0.525304685852962,0.125277476578531,-0.538609662921136,-0.534842502530271,-0.480696980362846,2018-12-31
2019,2,-0.918302078747717,0.227825343899237,-0.999890263099043,-0.992346739178796,-0.521419868377535,-0.52493641482774,0.107833746826584,-0.539122735269605,-0.535624413294575,-0.421246276380395,2019-01-02
2019,5,-0.851567027431391,0.30593963149898,-0.994659533570496,-0.954939106466896,-0.305224160795859,-0.487098247961689,0.144812475127741,-0.539661759901696,-0.536463220285156,-0.300900469524862,2019-01-05
2019,8,-0.885151040161419,0.268289071359514,-0.996989127194098,-0.98122659467795,-0.469985330489483,-0.510403645513777,0.139224973312959,-0.54067692374836,-0.532698796685429,-0.39302580517373,2019-01-08
2019,11,-0.89457819653608,0.258516824301709,-0.996488379444228,-0.983642705850839,-0.412678826106291,-0.514449943775167,0.122515276035013,-0.535254943932533,-0.531568525239704,-0.396188705213402,2019-01-11
2019,14,-0.903264465035261,0.29695644105819,-0.992613666187723,-0.977849514066958,-0.330319779873818,-0.522213603675512,0.154744915157083,-0.535029513695553,-0.531053397333369,-0.341202997576575,2019-01-14
2019,17,-0.873892232896915,0.244377628078854,-0.981758348660431,-0.966618563274704,-0.45389160493902,-0.505962738468198,0.095164120124781,-0.534898065103047,-0.528848028482117,-0.395455898196476,2019-01-17
2019,20,-0.879229573365749,0.247463842051535,-0.968184905852456,-0.896984687640025,-0.620778360686303,-0.509018948626216,0.14491172519241,-0.528946843903239,-0.508738297514563,-0.482916907631143,2019-01-20
2019,23,-0.89646484768683,0.233370027838208,-0.987624991915502,-0.941376626019849,-0.634677067910474,-0.515698869869859,0.11626586770998,-0.535155974651055,-0.524009744122624,-0.45960000209894,2019-01-23
2019,26,-0.901633488747572,0.286483038305865,-0.993231275276336,-0.969477821422475,-0.474399151026326,-0.518605427908873,0.1641301319384,-0.53301378521046,-0.526587483928465,-0.408011883162369,2019-01-26
2019,29,-0.899324284448724,0.287946789903068,-0.998051718605647,-0.971694424067386,-0.473666494261043,-0.509933165771543,0.141628330074697,-0.53081278880331,-0.527356819923129,-0.412507458308807,2019-01-29
2019,32,-0.843909421396044,0.365391515922347,-0.997770742377578,-0.968841009852913,-0.200172430429474,-0.480386314945507,0.179655872976874,-0.534300854361345,-0.521697004917274,-0.197421562017729,2019-02-01
2019,35,-0.859915278517508,0.30228805486215,-1.00116047778495,-0.924426867474925,-0.428073854858378,-0.50150071666783,0.157878584275634,-0.542145849175112,-0.53774531711455,-0.376490771283447,2019-02-04
2019,38,-0.882882479510841,0.326117031045063,-0.997679763869832,-0.953198892246951,-0.308555647563879,-0.511530684480345,0.150426510984293,-0.536895912532081,-0.530009866962128,-0.325557806947841,2019-02-07
2019,41,-0.908216362319439,0.285197668577586,-1.00132834098865,-0.990349366049334,-0.368173469721289,-0.513391283346426,0.136825984296165,-0.535894813957255,-0.530335146185679,-0.339756952532518,2019-02-10
2019,44,-0.884943530068475,0.257437818756148,-0.993922150626409,-0.975360355349977,-0.407497694173442,-0.497186005796322,0.110324097234734,-0.535787869614988,-0.529690177327786,-0.34897036344799,2019-02-13
2019,47,-0.835103382118421,0.306734830442118,-0.976344717544467,-0.943489598200108,-0.20012430158008,-0.471492385362236,0.140721696442129,-0.531094046779142,-0.520045722798307,-0.19997068830608,2019-02-16
2019,50,-0.843712185051597,0.296292869156539,-0.971836224308701,-0.912632090789485,-0.245293534928159,-0.488063938722379,0.145019507269915,-0.533837845558746,-0.521526087947919,-0.232241476533873,2019-02-19
2019,53,-0.888326542060159,0.313800202584632,-0.98735192290444,-0.94221431666191,-0.259696497186903,-0.51581834315245,0.16988234767038,-0.535177515374417,-0.524645142815616,-0.247216857312354,2019-02-22
2019,56,-0.834201939941422,0.308064964171081,-0.981527934064446,-0.910853965095766,-0.183233111364558,-0.484358804908666,0.14839934281607,-0.532024856099183,-0.522136863358472,-0.211889986883672,2019-02-25
2019,59,-0.898438874551422,0.297065139968198,-0.998914813783141,-0.947275687793608,-0.478776415488,-0.523487444269874,0.150559917404176,-0.5374339977627,-0.532932365960545,-0.389016386697111,2019-02-28
2019,62,-0.860016670511199,0.300936386987181,-1.00025596556345,-0.964696693784659,-0.229561774296562,-0.49331198329784,0.136334491965633,-0.534788417513047,-0.528014350177303,-0.262624883684094,2019-03-03
2019,65,-0.809777236179921,0.369448940849417,-0.996057205894129,-0.981512157363739,-0.100368853305833,-0.450888941096462,0.195902819948686,-0.533123063114362,-0.527340020961914,-0.0987487102144619,2019-03-06
2019,68,-0.895807290850701,0.245621932269514,-0.999515609147874,-0.993781008491693,-0.45709202308535,-0.51468889448492,0.114759158595766,-0.541755613524093,-0.536711143010712,-0.385784600478252,2019-03-09
2019,71,-0.863588933742013,0.314292767345808,-0.994473108139917,-0.983312365545791,-0.264610296206918,-0.493414993269655,0.171868387328608,-0.538824388060996,-0.530269102463782,-0.241346807049671,2019-03-12
2019,74,-0.853725334959254,0.288970472393505,-0.97142174668851,-0.935852772217634,-0.454577218882794,-0.49737431350245,0.150256310601769,-0.53420060479347,-0.526434524776876,-0.408884286799495,2019-03-15
2019,77,-0.799709243879808,0.356345690725479,-0.941952501949253,-0.907246326315499,-0.0220904979282256,-0.46299195577648,0.211308451406222,-0.528461197253081,-0.519497325837297,-0.0288300461390221,2019-03-18
2019,80,-0.827241611748768,0.353752879848025,-0.979705790305399,-0.913422991887438,-0.212005164986217,-0.477890089021926,0.181657639521367,-0.534747167573259,-0.520805228851807,-0.205156998929777,2019-03-21
2019,83,-0.865322189159742,0.295195006316204,-0.993708549495976,-0.941548681774495,-0.423795407312916,-0.493067080323331,0.145472260827268,-0.539698234034881,-0.521083599926599,-0.374763156973949,2019-03-24
2019,86,-0.829226093205366,0.337492747483611,-0.990580151749278,-0.892902757224668,-0.214535959907124,-0.472350717170776,0.187616464917027,-0.538493585555325,-0.529024409936241,-0.248479832362248,2019-03-27
2019,89,-0.934414841043688,0.310478797568913,-0.998903433571872,-0.986800698618146,-0.618551975221565,-0.538511217492237,0.172245989103591,-0.543457499191819,-0.534435377078927,-0.458048084092034,2019-03-30
2019,92,-0.800257117327629,0.397386762690633,-0.992983184511319,-0.835721031524461,-0.104398353217415,-0.459856914354229,0.228921807753531,-0.536071182680669,-0.494745705121928,-0.0920607624442593,2019-04-02
2019,95,-0.888383700318485,0.344856961951877,-0.995259914773695,-0.979278205890948,-0.17473381875358,-0.516026525587071,0.187058143078491,-0.544581501764848,-0.53699327914308,-0.17652479598353,2019-04-05
2019,98,-0.816644627280678,0.35831773973434,-0.992530405526451,-0.809603719802728,-0.108907692160556,-0.476492882360693,0.193878833879514,-0.549767570735564,-0.532960624143051,-0.122481911317425,2019-04-08
2019,101,-0.871982744263114,0.325049240782757,-0.988511730082573,-0.846253048150907,-0.333569340447062,-0.519461338930717,0.165422948239783,-0.546916773100391,-0.539898575247534,-0.284212814453342,2019-04-11
2019,104,-0.87508834796449,0.312313506898014,-0.979551141637413,-0.935456288548629,-0.318467924825057,-0.505289338489821,0.168847321530215,-0.533496101040217,-0.526636030852471,-0.274184309838709,2019-04-14
2019,107,-0.75910837973791,0.369082686660752,-0.946858076223583,-0.630253399183333,-0.113589794839595,-0.451773743125499,0.204212024132717,-0.540117414067713,-0.48647149534028,-0.124281007815546,2019-04-17
2019,110,-0.767767272777361,0.377249152098766,-0.985489517315619,-0.508942963245427,-0.155144523736817,-0.450043760633705,0.178613025516433,-0.537675433988505,-0.407276846082982,-0.149752446745015,2019-04-20
2019,113,-0.785258806729802,0.375504895778048,-0.981632269392608,-0.66042166911201,-0.0370794302088364,-0.465742216095325,0.225758257795825,-0.543935719666685,-0.521384814503021,-0.0397654247094016,2019-04-23
2019,116,-0.78180493588201,0.415086562644186,-0.991287837753877,-0.76682844097097,-0.000428854302469544,-0.451236089788372,0.261195135137134,-0.542708233865595,-0.519040809648712,-0.0012192729428116,2019-04-26
2019,119,-0.769948111108957,0.399050922174699,-0.991131803559399,-0.629784925368416,-0.0191456957029385,-0.445170546713253,0.242363361082588,-0.542190321283143,-0.480621161086188,-0.0212385692442986,2019-04-29
2019,122,-0.652748655378403,0.459114538021605,-0.989099890426507,-0.241372069717086,0.150033286328313,-0.368230110617837,0.28620653787131,-0.546702967812164,-0.292096310349922,0.189261634644167,2019-05-02
2019,125,-0.671680153170765,0.457472186195074,-0.987438046590108,-0.53060562401748,0.146182886295583,-0.381312024831528,0.307811651814955,-0.546471520941913,-0.398051690361067,0.214528796998068,2019-05-05
2019,128,-0.68651477622792,0.468958663826234,-0.990194813921086,-0.456603909787419,0.181668653340785,-0.375630911219397,0.323397734854324,-0.546321171325859,-0.381059887449041,0.252739657570044,2019-05-08
2019,131,-0.724611614040195,0.441608650737904,-0.975397454084375,-0.604026093031753,0.0655992657522088,-0.395114813297439,0.292932371223316,-0.53560045484721,-0.425301103918436,0.0805158128121103,2019-05-11
2019,134,-0.615266229390952,0.470013973558134,-0.877618946645174,-0.421614522421945,0.198428847280755,-0.328427892204623,0.349884271537904,-0.512550405289545,-0.354131666255208,0.254255514856484,2019-05-14
2019,137,-0.636907594359755,0.406598969226194,-0.819288786009125,-0.586496569482418,0.193024432434403,-0.380403613480222,0.309388066471634,-0.515497439902229,-0.435411854199059,0.26521590760653,2019-05-17
2019,140,-0.609446874709804,0.466174571234374,-0.874301347793704,-0.324121885045074,0.0220380738826929,-0.34762716133247,0.322155767274645,-0.52882746694102,-0.235189107706753,0.0253905366886234,2019-05-20
2019,143,-0.755333559890759,0.389149850636243,-0.984993475993824,-0.693626068660016,-0.0156534395439574,-0.448990637997208,0.242979116389341,-0.552482850786906,-0.494589676914631,-0.0144772729232269,2019-05-23
2019,146,-0.587845586315776,0.504296569118462,-0.929924449159129,-0.165755441528061,0.180338687222598,-0.321295048520022,0.348733847761238,-0.552246830934731,-0.150436906013948,0.261577042334215,2019-05-26
2019,149,-0.642681930473362,0.500201646741074,-0.971315417044736,-0.261455648454036,0.233609327955722,-0.352860903296922,0.363259788925429,-0.553321861112165,-0.242503456466083,0.340522034654172,2019-05-29
2019,152,-0.586191758005201,0.52837426564468,-0.979125123350853,-0.175975719546435,0.301594263273323,-0.296446421766115,0.401853584352577,-0.546594161287875,-0.168447594193575,0.4314849091944,2019-06-01
2019,155,-0.447475866613503,0.594217239336778,-0.598157151422174,0.209608037521287,0.311086106676653,-0.18874522044212,0.455437752814489,-0.415679703453916,0.290833140915385,0.471986203361862,2019-06-04
2019,158,-0.525083998987541,0.559187888973173,-0.950501935860484,0.0862020009073919,0.240959060018152,-0.255207070874708,0.417228993030185,-0.538925715578892,0.0867373720809831,0.37236554682514,2019-06-07
2019,161,-0.546279944122111,0.492984531227015,-0.740770735185059,-0.17738194244894,0.187963309672356,-0.312191197188885,0.352318895292992,-0.504325349033325,-0.127327669672533,0.262328255887263,2019-06-10
2019,164,-0.553643117346939,0.529216240419486,-0.878103158634302,-0.138616244417921,0.327600850079294,-0.269085480985713,0.411643394162134,-0.510468746685931,-0.128622131251951,0.472211005822728,2019-06-13
2019,167,-0.618006515632836,0.428114987872276,-0.808356296107818,-0.315517709251494,0.0942348252587578,-0.366165024320841,0.285574285220638,-0.488674047928796,-0.303375188342897,0.119242281670204,2019-06-16
2019,170,-0.597609746453823,0.461792111183526,-0.906893635400117,-0.181740141150833,0.0722721354869996,-0.345014076749644,0.294338688669166,-0.533865139877447,-0.20888125582631,0.0987951253482017,2019-06-19
2019,173,-0.560568453593641,0.513980635661929,-0.888186707603538,-0.0443604572177827,0.149011363812281,-0.308389961074285,0.360842291645054,-0.514221181467919,-0.0412781422237424,0.22201061041298,2019-06-22
2019,176,-0.488234383300409,0.543528692373743,-0.923613034924555,0.0959182229558288,0.21567348121126,-0.251515654948344,0.378685109343659,-0.538855248874416,0.125680562099474,0.32175975775515,2019-06-25
2019,179,-0.513037504746682,0.543428737538494,-0.845365806679304,0.125477501362008,0.217635704237147,-0.270670805085115,0.394242766963545,-0.557462594607815,0.145940246440268,0.313884131227125,2019-06-28
2019,182,-0.42315365913444,0.600071953116403,-0.738712606598893,0.214835921887131,0.297241355590879,-0.180027497758744,0.452186675511182,-0.556268316371892,0.256017406227457,0.425272006631795,2019-07-01
2019,185,-0.504451937786811,0.500704050594819,-0.49776532569939,-0.118106308203753,0.187322282468655,-0.284921199577604,0.338724431229677,-0.382609724380156,-0.132296307302007,0.264867642940654,2019-07-04
2019,188,-0.586032241984566,0.49691183565522,-0.963562035620819,-0.143445522587106,0.178025539917461,-0.338188067678337,0.3362215994841,-0.557368099773686,-0.143379778881353,0.214659298165547,2019-07-07
2019,191,-0.564951108047877,0.519175541692024,-0.899854688634025,0.0306099199533183,0.237336639347488,-0.303625876395983,0.395011055761525,-0.544403091805496,0.0548251364296728,0.336228933204917,2019-07-10
2019,194,-0.531167248645894,0.487178375651996,-0.851338607017454,0.00258935129438637,0.170268598756316,-0.295033116870276,0.352234047486101,-0.528636793036646,0.00670207116401921,0.235950579224713,2019-07-13
2019,197,-0.652661274458367,0.439680286315032,-0.951128853144957,-0.466049025383866,0.13554931623324,-0.381529978709158,0.306849942477904,-0.556891282950168,-0.404725931222148,0.184159352477683,2019-07-16
2019,200,-0.695646235446445,0.414714582643063,-0.873732510268593,-0.685948966792875,-0.265436978070478,-0.461080242040298,0.296907076504343,-0.531832025310251,-0.455743445196661,-0.169978954086845,2019-07-19
2019,203,-0.626414717942209,0.564500200196524,-0.982151701989417,0.0573314516632098,0.277959713202789,-0.29859493138457,0.416853104195964,-0.545635344276674,0.0644660318414014,0.322295994820121,2019-07-22
2019,206,-0.607520479524248,0.534458979192416,-0.948578349615895,-0.395760796475659,0.311002263356519,-0.30571721123893,0.410800337375649,-0.538557250046547,-0.331321169484643,0.410334310657991,2019-07-25
2019,209,-0.621906285825341,0.501616929411448,-0.966358668615449,-0.217938024479544,0.147570710440887,-0.339008706004735,0.344424325666445,-0.55782989629836,-0.20596356333289,0.211993463601365,2019-07-28
2019,212,-0.647282565040517,0.50416499277563,-0.98886071941138,-0.167770672902707,0.178156237782539,-0.347086595688388,0.357880588816523,-0.549951999047779,-0.155110754865325,0.257410989273794,2019-07-31
2019,215,-0.590702452696596,0.557898533079404,-0.982592892495576,0.0398406859620113,0.321396526848834,-0.28759056999872,0.424025286607692,-0.552233220485947,0.0410423262144708,0.459075875820502,2019-08-03
2019,218,-0.620166976362991,0.512286668720663,-0.968739607056736,-0.282536561631101,0.305404784431737,-0.336821389555724,0.381267579834534,-0.561085133593074,-0.245554430397162,0.475295962180109,2019-08-06
2019,221,-0.626089402958827,0.483228163038246,-0.929407483898824,-0.415654677147151,0.194184557264683,-0.340500977426232,0.354532704461973,-0.54074689408185,-0.346416454656066,0.28035282494269,2019-08-09
2019,224,-0.617069208701337,0.493872525600088,-0.90637502559443,-0.303224628908578,0.211593665765074,-0.333302605699518,0.376996985071876,-0.541491295891382,-0.24216851427868,0.314105378546183,2019-08-12
2019,227,-0.619780078383964,0.494059026666709,-0.865860109203178,-0.332351900819806,0.190412981322269,-0.341195382936684,0.377440256078117,-0.520890623775062,-0.284408456755988,0.240552895582457,2019-08-15
2019,230,-0.665449891827092,0.478594384440571,-0.916298028845253,-0.49297609885062,0.169018372791746,-0.368802276685861,0.36371355067158,-0.53954855059017,-0.418426484272521,0.229986538733973,2019-08-18
2019,233,-0.794009002234237,0.396834816221767,-0.985709173210653,-0.891501207867259,-0.180603081441173,-0.468750233287642,0.275554757337293,-0.561927718452144,-0.532940363589629,-0.222792035910515,2019-08-21
2019,236,-0.726182713827386,0.450871560692669,-0.985661374052421,-0.634501022221126,0.159072581657168,-0.394850544147111,0.335581788449216,-0.545355407122078,-0.444601348736807,0.210931089156095,2019-08-24
2019,239,-0.882938390894661,0.348356708900705,-0.996402478125884,-0.988683448981586,-0.585125762598379,-0.512916058711787,0.228126834808283,-0.560420231068503,-0.558046903312148,-0.376416518734537,2019-08-27
2019,242,-0.728513172584858,0.460227670032329,-0.986802622462467,-0.597895367864331,0.168017910713278,-0.399261718029984,0.324081560321855,-0.552655894667649,-0.466438579634118,0.215958155781826,2019-08-30
2019,245,-0.682511198857123,0.498066460330162,-0.989926489565946,-0.399805075338129,0.175313641146362,-0.365475614560074,0.345051355279016,-0.558946736790523,-0.301292790329678,0.231575696557766,2019-09-02
2019,248,-0.620199506015265,0.544099941214886,-0.986615696550402,-0.0926985494309331,0.274678332426758,-0.303454639305392,0.386225199257667,-0.547841907371824,-0.0801305010170048,0.356529232017083,2019-09-05
2019,251,-0.659187944323781,0.489820996928373,-0.963415326043106,-0.419010487182781,0.2479259418693,-0.347891097411984,0.350342992415211,-0.546168225966826,-0.328288791165497,0.33737294756396,2019-09-08
2019,254,-0.709330276553947,0.427775001639801,-0.915842153795239,-0.74990777410847,0.106035212710075,-0.410734787761424,0.314041291362038,-0.55377230525597,-0.523700532731052,0.147904041028682,2019-09-11
2019,257,-0.687399405458106,0.439037484193271,-0.90382220515491,-0.679939983788598,0.163642705830959,-0.38361139163069,0.328882947963407,-0.540224948796219,-0.440186731454286,0.23127371222813,2019-09-14
2019,260,-0.701855732945794,0.406799666631078,-0.923592102367353,-0.469379027643036,0.104714788274004,-0.413446092035508,0.270726093362031,-0.539848221874854,-0.401652578275978,0.138240971674067,2019-09-17
2019,263,-0.770498786893062,0.42952392233192,-0.979662566338072,-0.835243237500788,0.128684505434775,-0.436623126787628,0.303697697210076,-0.563775585739108,-0.5152648574191,0.150667494876227,2019-09-20
2019,266,-0.735215521919719,0.440437836903827,-0.991254289709717,-0.592317181868077,0.110558908032457,-0.408660514165614,0.29069902347483,-0.556132135803885,-0.454340975297309,0.128847853502946,2019-09-23
2019,269,-0.724283473219163,0.483443070002339,-0.99415126658008,-0.832373101848366,0.214077785001762,-0.380366052382442,0.348561507045745,-0.554644277683231,-0.504629974718688,0.272289402724611,2019-09-26
2019,272,-0.75724706108456,0.456972032375397,-0.992513093024718,-0.812538649926877,0.131936306123184,-0.423831917349474,0.322436771023816,-0.565711263128986,-0.555885413334353,0.179299347114098,2019-09-29
2019,275,-0.764095190852604,0.445302329058631,-0.997966629758992,-0.961159958371211,0.125755580513264,-0.42859117754258,0.285708102238139,-0.567896139228196,-0.544910933967116,0.178567813556003,2019-10-02
2019,278,-0.716748632530663,0.460682856487612,-0.98585325880047,-0.447588319426729,0.107975800210156,-0.386418633519039,0.294997803638377,-0.543412506858365,-0.37354679998669,0.123253352266153,2019-10-05
2019,281,-0.684669648769852,0.469083443025556,-0.93810743350901,-0.343019538627991,0.197189106163937,-0.366018417783025,0.33133687777017,-0.537453861674282,-0.281731707128983,0.276634336119777,2019-10-08
2019,284,-0.721757598034036,0.431244717490704,-0.947869932061874,-0.756921969578402,0.164174737312157,-0.392836815547925,0.29643172965655,-0.528981667805462,-0.466238660050094,0.23450561194837,2019-10-11
2019,287,-0.65149275842797,0.432371161437043,-0.886337060883867,-0.380105103034598,0.132727508144595,-0.367556882950783,0.285660781225123,-0.515316317593971,-0.289964581560751,0.19578085638805,2019-10-14
2019,290,-0.741901314729325,0.406523151477095,-0.935222012822044,-0.729129223230692,0.12405683194429,-0.40927854570906,0.269398046958625,-0.526402490942911,-0.476844365947178,0.172945854350365,2019-10-17
2019,293,-0.817753052008275,0.336404735907685,-0.980095956425063,-0.908503580815726,-0.232789115372926,-0.467888537735943,0.190624384901408,-0.542810650011935,-0.520271516154183,-0.245503166495128,2019-10-20
2019,296,-0.824421313820949,0.361359532084212,-0.992340167739234,-0.950100446009882,-0.173863296745388,-0.466184136995121,0.224507176723754,-0.543303496627416,-0.538059038385319,-0.1511355799013,2019-10-23
2019,299,-0.876603270450754,0.330696687938518,-0.988645548686752,-0.9758800198511,-0.272992950558897,-0.507576696171887,0.175678022965514,-0.541278015526969,-0.536131198595529,-0.240319720446758,2019-10-26
2019,302,-0.926478918525509,0.277870172240971,-0.997160362749116,-0.990391701601695,-0.590112662206908,-0.529438769719957,0.164954037896607,-0.543935493525282,-0.540796874384747,-0.502390425441627,2019-10-29
2019,305,-0.790658734300803,0.41986961212845,-0.990917607045995,-0.966426037324577,-0.0457613455904865,-0.438576232473977,0.251787138899716,-0.534926045579894,-0.52469117858171,-0.0608560005788639,2019-11-01
2019,308,-0.759114438016616,0.406240292195108,-0.987394282626091,-0.720385809783943,-0.0047135095752206,-0.427453230594898,0.226037913667572,-0.535628497826457,-0.51043385154208,-0.00587764815268254,2019-11-04
2019,311,-0.816773642597582,0.359828160105771,-0.984551224035539,-0.941783906793397,-0.0111349370573098,-0.460824215483681,0.211039584936073,-0.534425558549779,-0.52196374449736,-0.0117689725761735,2019-11-07
2019,314,-0.878552879702427,0.289881008743063,-0.966955601983958,-0.918233068775836,-0.597740868996875,-0.512004300774709,0.17350920780129,-0.531595223930454,-0.524887740341498,-0.414259056342527,2019-11-10
2019,317,-0.80095552891489,0.321599461613756,-0.921809330503295,-0.875605472335655,-0.214859180557966,-0.460732118892756,0.173101901694335,-0.515211410946972,-0.50378368716794,-0.248487162199922,2019-11-13
2019,320,-0.863010595891463,0.284965497639034,-0.970999653179937,-0.927036570734578,-0.690781697961831,-0.50094054520745,0.167703850920571,-0.530328770593462,-0.522732804956076,-0.454995028059988,2019-11-16
2019,323,-0.874253735255172,0.283819331341946,-0.992039697156159,-0.980368928572418,-0.315275771386392,-0.500112968897917,0.137226028727942,-0.535895000088606,-0.530610089399149,-0.337249290245486,2019-11-19
2019,326,-0.881847814475964,0.297606652732076,-0.992947679087782,-0.983194822864078,-0.361000387252694,-0.496453046413706,0.146155134928726,-0.53552439313522,-0.530809789558109,-0.332691118755657,2019-11-22
2019,329,-0.836489739115756,0.333385175689339,-0.994980326869057,-0.95891838786726,-0.126531023491692,-0.470518268710589,0.16683695273955,-0.53796016196356,-0.530420824486405,-0.132525055401486,2019-11-25
2019,332,-0.879594935361147,0.256834055360015,-0.991842985215979,-0.981843664276872,-0.556777720213784,-0.498522833625538,0.113119355998995,-0.536585498109558,-0.530818754442845,-0.387210852186085,2019-11-28
2019,335,-0.928008961777632,0.290743439497736,-0.995407652487132,-0.989178907097165,-0.544541590200789,-0.522298613959685,0.146639449418668,-0.534961082704528,-0.531487439722438,-0.414604136456338,2019-12-01
2019,338,-0.836158997933477,0.325882398813733,-0.984030192236283,-0.958932396243197,-0.141470540870102,-0.474264874505337,0.165000164832977,-0.535164407796388,-0.530347279836915,-0.1695169674686,2019-12-04
2019,341,-0.824267694094916,0.326422059756748,-0.972445050134063,-0.955274934176805,-0.160916672975344,-0.466842427782365,0.174913468557478,-0.533084871293842,-0.525762180499253,-0.15331144243596,2019-12-07
2019,344,-0.865164638222152,0.262499325233625,-0.958634767234098,-0.916672777162117,-0.499171080748565,-0.501408550614588,0.142457406517575,-0.535234970046366,-0.515936655203107,-0.413581274445939,2019-12-10
2019,347,-0.852295752689848,0.291447935264099,-0.956725559822651,-0.923725168864659,-0.279433520759383,-0.493530079581815,0.147954456701684,-0.532560937195553,-0.519127116196763,-0.26805764903002,2019-12-13
2019,350,-0.933349425203309,0.32177431099084,-0.987482030752318,-0.973780508441875,-0.689125608095978,-0.527551667732768,0.168512632347386,-0.533915720904824,-0.529255520126307,-0.481564868492601,2019-12-16
2019,353,-0.877991883771507,0.280796554530322,-0.990336080955051,-0.975423856119923,-0.478512922649958,-0.501903902265869,0.155437774675948,-0.533032404160961,-0.526757331587983,-0.373029950686127,2019-12-19
2019,356,-0.88942612678276,0.306651605608911,-0.996848517803547,-0.979530310215431,-0.209011056525096,-0.514338192033888,0.175453567020291,-0.54044255779502,-0.532595518440111,-0.245083569481056,2019-12-22
2019,359,-0.916210763667913,0.222460622584318,-0.995085748060936,-0.98604933245037,-0.7458226722996,-0.530161572523572,0.0993721636365493,-0.546769156927223,-0.542961513942828,-0.506176304439568,2019-12-25
2019,362,-0.914856665229667,0.243263058997813,-0.994747210862453,-0.990501267021574,-0.651299714257293,-0.532185797051548,0.123098935832427,-0.547783758341231,-0.538970856765198,-0.453712830506541,2019-12-28
2019,365,-0.939851044862554,0.294725273947182,-0.997469840890241,-0.990352976013432,-0.766033072790711,-0.530014237789618,0.173200014518234,-0.536723117661886,-0.533310425822958,-0.520904500074942,2019-12-31
2020,2,-0.860829400959097,0.290462773750563,-0.993091141409596,-0.9750724324496,-0.50397311815883,-0.488621033045249,0.146820910857731,-0.537153035959662,-0.53207277068348,-0.47699344461545,2020-01-02
2020,5,-0.856980883128313,0.294629646621393,-0.980625638322471,-0.963025449809722,-0.253868613878827,-0.489305115314895,0.150480473314822,-0.533517294621727,-0.529858308541406,-0.26074461114452,2020-01-05
2020,8,-0.825139815914191,0.313053467057192,-0.960487402401674,-0.932311105746125,-0.162305094564091,-0.478970577242792,0.163485429644887,-0.530107107401844,-0.519954611947809,-0.193129396357569,2020-01-08
2020,11,-0.923796381192288,0.220180350135311,-0.988377726286589,-0.979291861111811,-0.7437345779971,-0.525053970017033,0.107812929101637,-0.542047460165465,-0.533184965412942,-0.505773089916291,2020-01-11
2020,14,-0.868316770180588,0.321084685862714,-0.977461211002948,-0.958228171524638,-0.241182861264267,-0.500468789321608,0.160056808224903,-0.533457509594175,-0.527820995729167,-0.218774026698666,2020-01-14
2020,17,-0.882854758253218,0.278537206448904,-0.994811147000582,-0.98830861467042,-0.298725262532079,-0.504816180378879,0.131183157696435,-0.533137705317419,-0.529626921674855,-0.287723252508174,2020-01-17
2020,20,-0.873177969114786,0.28803261528802,-0.998061912450539,-0.989652897755106,-0.19645476846458,-0.493090427812091,0.135855500164771,-0.532870720784045,-0.529010046384825,-0.182690818752516,2020-01-20
2020,23,-0.897739178981965,0.296889317148556,-0.995825741578175,-0.986592306135084,-0.388117938803727,-0.512894530255357,0.163705937955774,-0.535339980091517,-0.531864127635217,-0.314885613491848,2020-01-23
2020,26,-0.896703621360019,0.278560810609569,-0.99810535712046,-0.986661962323255,-0.341190240255848,-0.518437956946133,0.144362476139582,-0.53677528207144,-0.532171085503112,-0.299987715133189,2020-01-26
2020,29,-0.92703998363728,0.255957795429586,-0.99848820404332,-0.986616103799187,-0.662150861130316,-0.532890327576203,0.146709931272119,-0.536519089376432,-0.53288694753963,-0.518732732974135,2020-01-29
2020,32,-0.90411963041665,0.345887131774075,-0.992134619858018,-0.974442357549241,-0.327766194629297,-0.529689852985486,0.180860287346095,-0.541574877933524,-0.533998313012032,-0.286668607816896,2020-02-01
2020,35,-0.900632810537018,0.257720576788039,-0.990921076481197,-0.972081487090291,-0.347387965001607,-0.517617254844905,0.128794994264381,-0.536233108944123,-0.527771518590779,-0.305281749428184,2020-02-04
2020,38,-0.879395824189588,0.278515522948803,-0.971569595950324,-0.897122665538405,-0.334076976390053,-0.511410304177503,0.142312972353856,-0.532351926469002,-0.521340578530744,-0.304235416002794,2020-02-07
2020,41,-0.918470740263969,0.324624157058141,-0.988508541317061,-0.915840891605905,-0.653694832367816,-0.51885217968799,0.128239417514204,-0.53485950513776,-0.52255092227451,-0.47235414466575,2020-02-10
2020,44,-0.90279086016118,0.293677333817103,-0.985755490581443,-0.968439853098912,-0.538391779454943,-0.509501402961882,0.157407283493378,-0.532214661138714,-0.52395370956439,-0.413721176119591,2020-02-13
2020,47,-0.853580607996209,0.309046280246548,-0.993737042352435,-0.978137545905188,-0.137937205471552,-0.490873877981648,0.157149204445284,-0.539225755018866,-0.528121437435566,-0.148807247723493,2020-02-16
2020,50,-0.888088316149484,0.286182937652517,-0.998947392162377,-0.990403902722382,-0.476076473948653,-0.504561829850358,0.150823999131978,-0.535834371967324,-0.530588628602828,-0.389796850097122,2020-02-19
2020,53,-0.902249846605978,0.348862814496893,-0.997898877162547,-0.962141938162372,-0.437700075080798,-0.511048492270537,0.20421534093598,-0.535925116814519,-0.53180202630918,-0.383954081691252,2020-02-22
2020,56,-0.916879082761608,0.252195353256248,-0.99860685778828,-0.989827073020687,-0.472896505934804,-0.534609181962247,0.123095290377529,-0.537423409770176,-0.531533051390404,-0.449068052948867,2020-02-25
2020,59,-0.813081036340278,0.357049388906979,-0.995595827235379,-0.795824043495351,-0.0989767519713597,-0.464624999827406,0.186752023110545,-0.535876025032634,-0.526716941195362,-0.127791609779975,2020-02-28
2020,62,-0.799755059996245,0.351284166882021,-0.988620419683136,-0.873483071073858,-0.152540493568169,-0.46072962048708,0.171106527613833,-0.540059706989032,-0.526283741263248,-0.187156189855003,2020-03-02
2020,65,-0.794783027717889,0.344491223868235,-0.96872856793338,-0.80154103995554,-0.158214440330621,-0.450126451621602,0.185901875117375,-0.532479914061422,-0.519977614375238,-0.162363314711703,2020-03-05
2020,68,-0.812476161538866,0.32707637259601,-0.943557393839536,-0.902297615721758,-0.1553427304284,-0.464761353157093,0.190388951373353,-0.529760557725509,-0.519781139613387,-0.179918036524031,2020-03-08
2020,71,-0.918292469920371,0.216670916969853,-0.99231689582703,-0.937350930166219,-0.700581542464876,-0.534109638306473,0.112133822577691,-0.542960129364679,-0.534221195026512,-0.510196299157561,2020-03-11
2020,74,-0.830105551876984,0.357539571829802,-0.978137931120655,-0.938480142314602,-0.247505326702876,-0.489467349353638,0.201042858661422,-0.533172929357491,-0.521581375740998,-0.240609653098628,2020-03-14
2020,77,-0.888115757839959,0.292193104905035,-0.99659548204914,-0.934067090156931,-0.339913052145551,-0.522310294717127,0.154176770777677,-0.539125349686777,-0.520127298877059,-0.315009329054858,2020-03-17
2020,80,-0.878717823289765,0.309638765315703,-0.994940240155217,-0.962758472361856,-0.222741762273361,-0.513054821873224,0.159192254424165,-0.542932666857087,-0.532155080597716,-0.238657914639039,2020-03-20
2020,83,-0.80253097599918,0.347012813845987,-0.993395829851972,-0.718688522670974,-0.161217795240146,-0.460305655392688,0.165562820686508,-0.53641575564808,-0.523286469749449,-0.1957489877589,2020-03-23
2020,86,-0.867809184561238,0.283346608238605,-0.99810697715204,-0.956533093500837,-0.2641314388713,-0.507701697724355,0.134889820719544,-0.546403772523098,-0.537034512678369,-0.275549998849893,2020-03-26
2020,89,-0.803724297972686,0.344497249353001,-0.994234686273653,-0.811567389561837,-0.165165352664971,-0.47423604591719,0.180498831593057,-0.545350740016905,-0.47807143296487,-0.202958727915057,2020-03-29
2020,92,-0.817889752936875,0.322483537076516,-0.983591241408062,-0.801090211835934,-0.160121639691355,-0.485260598287618,0.165190774981545,-0.540589742149652,-0.522204490495541,-0.175096309398934,2020-04-01
2020,95,-0.882652113734322,0.31873549150371,-0.972553926385891,-0.916991623370085,-0.233772668037663,-0.529849216948679,0.175157567157221,-0.546751629560537,-0.529252724838141,-0.261866664570776,2020-04-04
2020,98,-0.816813009479236,0.349029697817315,-0.935325587265161,-0.822870382158791,-0.179588929563081,-0.495983512129257,0.169874866442468,-0.536250828401188,-0.501606532637096,-0.197735245965173,2020-04-07
2020,101,-0.751891689399536,0.41633079022084,-0.970907686847018,-0.451445549365156,-0.0406253459205829,-0.426191833904136,0.229876314259266,-0.528961399538093,-0.3565984945482,-0.043719028777462,2020-04-10
2020,104,-0.866013897194627,0.294888824431441,-0.989781507919051,-0.912269304755931,-0.477400518635876,-0.50383943526188,0.166423928939719,-0.542341014061617,-0.533545497369283,-0.331482689455825,2020-04-13
2020,107,-0.820425127263146,0.368348841766388,-0.992791142220806,-0.850565505215354,-0.192719616901233,-0.464827951087349,0.228923586409506,-0.535677397680105,-0.529125790313721,-0.174988312706054,2020-04-16
2020,110,-0.829202340349004,0.365973288506043,-0.992230313937644,-0.872249457097432,-0.0729303430307671,-0.478758076132918,0.212119635272272,-0.541389150877166,-0.527961333868589,-0.0846770966068968,2020-04-19
2020,113,-0.820268440181632,0.34239451010515,-0.993628427196957,-0.759523387271608,-0.0898047570436782,-0.489024914436275,0.207165890815553,-0.545412236454534,-0.531422879429516,-0.117602729433043,2020-04-22
2020,116,-0.804150251334437,0.354906057023562,-0.991656935869956,-0.714139850620378,-0.0387508655427917,-0.47365559827812,0.20494207968989,-0.541692086282836,-0.514984797252529,-0.049150693054111,2020-04-25
2020,119,-0.704008561255112,0.429792232150907,-0.98867049889293,-0.402134996519067,0.00237681153368663,-0.400411803397743,0.25493889419889,-0.544225229514536,-0.343878577542452,0.00194160846563627,2020-04-28
2020,122,-0.637968762806409,0.465098534827268,-0.947940863095841,-0.182288180768608,0.0925965860249333,-0.354742733887898,0.293737846697825,-0.537461608467401,-0.175237283011108,0.112142454191067,2020-05-01
2020,125,-0.779659210022875,0.472448465449561,-0.919425916350745,-0.637354359485885,0.0727936140693836,-0.446035912294473,0.300637865206288,-0.523132609489561,-0.442711261882254,0.102909474269843,2020-05-04
2020,128,-0.652108098605711,0.447950343150809,-0.86841791354388,-0.394189558648434,0.130757539528821,-0.368420806461704,0.309587925937078,-0.515222062031086,-0.296962920319375,0.183812614070938,2020-05-07
2020,131,-0.654911087640665,0.51179856189551,-0.961472180747738,-0.541709540660152,0.200551084811702,-0.338196114193516,0.363031199754635,-0.533825896936676,-0.317332485540591,0.232502809063856,2020-05-10
2020,134,-0.745762930036957,0.440948220535674,-0.985416048681607,-0.413466316158788,-0.0984233569429756,-0.427755446536515,0.268817576216211,-0.542145804060007,-0.373781635948841,-0.0788560849186046,2020-05-13
2020,137,-0.697472783045924,0.470047314905626,-0.945989176524067,-0.578250860788997,0.057400779213954,-0.393949196533324,0.353136814108571,-0.556788673782745,-0.508128761426283,0.105092689151355,2020-05-16
2020,140,-0.72988326188366,0.367031524921338,-0.936932411838989,-0.533196115017274,-0.225050474215764,-0.466525013261503,0.190725648829273,-0.548377373932598,-0.462322237332763,-0.245390820170931,2020-05-19
2020,143,-0.697628061759614,0.44421925817428,-0.749049014011341,-0.426623182524613,-0.266822521947146,-0.497055936042266,0.274863917780257,-0.464944995042639,-0.342038041250085,-0.259599459504997,2020-05-22
2020,146,-0.527162318835503,0.555969905600446,-0.927857109085749,0.0974431424635597,0.212365319581127,-0.272299683595844,0.384257945038258,-0.546104442024145,0.119180971658559,0.320617144919764,2020-05-25
2020,149,-0.715426919270345,0.43495665170923,-0.990045746642871,-0.444426112318548,0.0227791586417545,-0.420697640149109,0.282344822073604,-0.554988698363272,-0.399662391610451,0.0294014376340144,2020-05-28
2020,152,-0.46339670861666,0.535011261596912,-0.833995629356677,0.167222931041818,0.251754803499402,-0.222055015501449,0.385142263553272,-0.526953474874854,0.209141009098953,0.361838994556042,2020-05-31
2020,155,-0.574275775424101,0.478881930303802,-0.881427735324495,-0.197145453170876,0.171070625401161,-0.33156877269426,0.347426417883961,-0.539753669130904,-0.186150769928525,0.244674659417583,2020-06-03
2020,158,-0.473010249010218,0.494943455322379,-0.741612523615321,0.0401279385235401,0.172126003526881,-0.270588097006301,0.361116512036441,-0.498166077853215,0.0498307633920996,0.233411869628934,2020-06-06
2020,161,-0.517684313780687,0.519927321521273,-0.816232793522785,0.0979058673568869,0.203958551573203,-0.288625649780847,0.376385226616495,-0.496656394817704,0.11420889574342,0.291162415248514,2020-06-09
2020,164,-0.494766028026544,0.548125137722826,-0.833000595009038,0.160803036630016,0.233231460319515,-0.243810110794793,0.397831469927785,-0.535111254995129,0.231986210304425,0.325667614911254,2020-06-12
2020,167,-0.525424973421212,0.531498539347647,-0.875292489596334,0.15100785244671,0.213358103815736,-0.269665701876352,0.390183014600022,-0.530243692305309,0.204436037534087,0.316376221668961,2020-06-15
2020,170,-0.472591876978866,0.551255245275659,-0.673415513135788,0.161992110812933,0.222043293930579,-0.232927788980203,0.390436332577517,-0.458599870956728,0.205846282366453,0.327470148396098,2020-06-18
2020,173,-0.51581997733706,0.540186876117927,-0.894529999013226,0.0840496911768294,0.220276688634394,-0.264853878443111,0.383180176734712,-0.552480687877474,0.108686899918027,0.329450693658579,2020-06-21
2020,176,-0.567455399765569,0.526536002189444,-0.929472033517461,0.0602608923661564,0.171688085731736,-0.308159578657685,0.367944013728277,-0.54827072041623,0.0801468154579082,0.257553413849313,2020-06-24
2020,179,-0.518725937327278,0.601670117730987,-0.645843120437251,0.0940897225551594,0.235882712160332,-0.26724478406408,0.431901702014721,-0.469392227964085,0.125128208822322,0.327183514122433,2020-06-27
2020,182,-0.460819178269307,0.520341058632448,-0.690434922607825,0.0817470265000746,0.227066312841502,-0.236541922221911,0.38314318273239,-0.422769249941053,0.0986381500619803,0.318131861877751,2020-06-30
2020,185,-0.424500655581135,0.513961295730732,-0.631935796795971,0.113698952949895,0.253512874473035,-0.222434938387297,0.378964254425157,-0.450016346559696,0.154818940551414,0.362357814784615,2020-07-03
2020,188,-0.526102403365503,0.481064153560756,-0.752237213478706,-0.110696714218036,0.150436134795866,-0.306209546575674,0.332812255056504,-0.521637967672817,-0.11585594728676,0.208417624569857,2020-07-06
2020,191,-0.566569218223046,0.514488722496322,-0.926155468766107,-0.083623248990444,0.214644683573036,-0.315663772631141,0.368914915979036,-0.555013868171562,-0.0715308377589553,0.291730534267787,2020-07-09
2020,194,-0.622050703653952,0.502410816442742,-0.956350614094982,-0.186359528333773,0.188577625860877,-0.348044741452528,0.348164646773455,-0.547918931096544,-0.185339775003198,0.282715140469448,2020-07-12
2020,197,-0.572241716320067,0.514030812877099,-0.975219640135479,-0.0831780526415252,0.214145468678103,-0.306603947929282,0.35952321705146,-0.556531679358407,-0.0843776655371968,0.322581769999691,2020-07-15
2020,200,-0.650201150731131,0.54118945903033,-0.987771506301213,-0.347480597571494,0.147963272396054,-0.374140725808197,0.376930056637758,-0.55831085034378,-0.346397779315138,0.207821497866349,2020-07-18
2020,203,-0.693269503629434,0.453562299436597,-0.945609387726382,-0.682759011352581,0.15101855451675,-0.402391887948336,0.314476558127724,-0.561396198300218,-0.47994459801789,0.204534758787588,2020-07-21
2020,206,-0.608819579551797,0.556651421089842,-0.973772151348693,0.111527844222479,0.183674383197477,-0.325172218519845,0.39245117280167,-0.560385946588071,0.1364054548581,0.246074086451435,2020-07-24
2020,209,-0.668225369229156,0.455523819435717,-0.947105748635057,-0.569791631680353,0.150400975812034,-0.397434359717192,0.319441689287341,-0.560357795401983,-0.422037320632563,0.216849755346622,2020-07-27
2020,212,-0.556971668707318,0.528534181657255,-0.967563312315095,-0.0507948498040492,0.245573168692927,-0.289083312594767,0.3777383394161,-0.54577511743819,-0.045721673331977,0.344587666043012,2020-07-30
2020,215,-0.621189054479469,0.458983511346436,-0.901296968378254,-0.195967685224563,0.125756797902142,-0.348395125062509,0.298995644370402,-0.531856743770385,-0.200220344907985,0.15402028451306,2020-08-02
2020,218,-0.621586599296249,0.484342450516006,-0.918728332402864,-0.205777961230433,0.23088606489291,-0.331792821818109,0.349691656980037,-0.528153649301666,-0.20968153164766,0.333890782184494,2020-08-05
2020,221,-0.605929404311781,0.530487260281549,-0.93952248517658,-0.147618285781599,0.300238760172175,-0.31041361775832,0.399255964339779,-0.543826105308446,-0.129601556359606,0.424125775785323,2020-08-08
2020,224,-0.754107135596944,0.34999510340865,-0.871716933435869,-0.782842127681781,-0.411277040867497,-0.476998577519834,0.207086486918573,-0.539248886393385,-0.509540104965881,-0.284908971760507,2020-08-11
